CREATE TABLE grupos (
    id SERIAL PRIMARY KEY,
    nome VARCHAR(255) NOT NULL
);

CREATE TABLE localizacao (
    id SERIAL PRIMARY KEY,
    nome VARCHAR(255),
    latitude DECIMAL(12,6),
    longitude DECIMAL(12,6),
    descricao TEXT
);

CREATE TABLE amostras (
    id SERIAL PRIMARY KEY,
    data_inclusao TIMESTAMP DEFAULT CURRENT_TIMESTAMP,
    grupo_id INT NOT NULL,
    localizacao_id INT UNIQUE NOT NULL,
    CONSTRAINT fk_amostras_grupo
        FOREIGN KEY (grupo_id) REFERENCES grupos(id),
    CONSTRAINT fk_amostras_localizacao
        FOREIGN KEY (localizacao_id) REFERENCES localizacao(id)
);

CREATE TABLE qualidade_agua (
    id SERIAL PRIMARY KEY,
    amostra_id INT UNIQUE NOT NULL,
    temperatura_coleta DECIMAL(5,2),
    temperatura_analise DECIMAL(5,2),
    turbidez DECIMAL(10,2),
    ph_fita DECIMAL(4,2),
    ph_arduino DECIMAL(4,2),
    umidade DECIMAL(5,2),
    CONSTRAINT fk_qualidade_amostra
        FOREIGN KEY (amostra_id) REFERENCES amostras(id)
);

CREATE TABLE condutividade (
    id SERIAL PRIMARY KEY,
    amostra_id INT UNIQUE NOT NULL,
    condutividade DECIMAL(10,2),
    CONSTRAINT fk_condutividade_amostra
        FOREIGN KEY (amostra_id) REFERENCES amostras(id)
);

INSERT INTO grupos (id, nome) VALUES
(1, 'Grupo 1'),
(2, 'Grupo 2'),
(3, 'Grupo 3'),
(4, 'Grupo 4'),
(5, 'Grupo 5'),
(6, 'Grupo 6'),
(7, 'Grupo 7'),
(10, 'Grupo 10');


INSERT INTO localizacao (id, nome, latitude, longitude, descricao) VALUES
(1,'PREDIO L9',-22.412870,-45.452470,'TORNEIRA AO LADO DO L9'),
(2,'PREDIO Y1',-22.412349,-45.449622,'POÇA D''ÁGUA EM FRENTE AO Y1'),
(3,'LAGO',-22.412691,-45.451623,'PERTO DO TRATAMENTO DE ÁGUA'),
(4,'PREDIO L9',-22.412619,-45.452556,'BEBEDOURO DO L9'),
(5,'BIBLIOTECA',-22.412984,-45.448668,'TORNEIRA DO BANHEIRO MASCULINO'),
(6,'PREDIO KI',-22.411548,-45.452294,'BEBEDOURO'),
(7,'POÇA D''ÁGUA',-22.411938,-45.452301,'PERTO DO LAGO'),
(8,'PREDIO B1 (IEPG)',22.413889,45.450000,'BEBEDOURO CORREDOR PREDIO B1'),
(9,'PREDIO B1 (IEPG)',22.413861,45.449556,'BEBEDOURO HALL PREDIO B1'),
(10,'PREDIO B4',22.413889,45.446222,'BEBEDOURO CORREDOR PRINCIPAL PREDIO B4'),
(11,'BANHEIRO PREDIO B4',22.413889,45.446194,'TORNEIRA BANHEIRO MASCULINO PREDIO B4'),
(12,'PREDIO B4',22.413806,45.446306,'BEBEDOURO FIM DO B4'),
(13,'LADO DE FORA PREDIO B4',22.413861,45.446250,'TORNEIRA DO LADO DE FORA DO PREDIO B4'),
(14,'LAB QUIMICA',22.411556,45.447472,'CONSTRUÇÃO PREDIOS LAB QUÍMICA'),
(15,'BEBEDOURO',-22.414000,-45.449639,'PRÉDIO B PRIMEIRO ANDAR'),
(16,'DUCHA QUADRA',-22.415167,-45.447056,'DUCHA QUADRA'),
(17,'BEBEDOURO',-22.415167,-45.447056,'LADO DA QUADRA DE AREIA'),
(18,'POÇA D''ÁGUA',-22.415194,-45.447194,'RUA DO POLIESPORTIVO'),
(19,'TORNEIRA',-22.412583,-45.447028,'LABORATÓRIO DE QUÍMICA'),
(20,'BICA',-22.412583,-45.447000,'HORTA'),
(21,'LAGO',-22.411833,-45.450930,'PERTO DO CAIAQUE'),
(22,'BARRIL AZUL',-22.412644,-45.450782,'BARRIL AO LADO DO BLOCO M'),
(23,'LAGO',-22.411824,-45.450956,'LAGO DOS PATOS'),
(24,'TORNEIRA',-22.411655,-45.448333,'TORNEIRA DA RUA DO BLOCO X'),
(25,'POÇA 1',-22.412694,-45.448107,'PRÓX PREFEITURA'),
(26,'LAGUINHO',-22.413387,-45.447604,'PEIXES CEQUAM'),
(27,'BEBEDOURO',-22.412950,-45.447180,'LABS QUÍMICA'),
(28,'POÇA 2',-22.414197,-45.447801,'PRÓX BLOCO C'),
(29,'RU',-22.244740,-45.270510,'BEBEDOURO RU'),
(30,'LAGO',-22.411792,-45.450924,'LAGO UF'),
(31,'CAIXA D''ÁGUA',-22.411810,-45.450358,'CAIXA D''ÁGUA'),
(32,'POÇA',-22.412895,-45.270380,'POÇA ESTACIONAMENTO'),
(33,'CACHORRO',-22.244749,-45.270510,'POTE CACHORRO'),
(34,'CANTINA',-22.413165,-45.451412,'CANTINA'),
(35,'GOTEIRA',-22.404865,-45.448582,'GOTEIRA AR COND'),
(36,'POÇA',22.413808,-45.450370,'ENTRADA UNIFEI'),
(37,'LAGO',22.411010,-45.451799,'LAGO UNIFEI'),
(38,'VALETA',22.413825,-45.450627,'VALETA RUA'),
(39,'POÇA',22.411394,-45.451982,'POÇA LAGO'),
(40,'BEBEDOURO',22.413210,-45.450604,'REITORIA'),
(41,'TORNEIRA',22.411566,-45.452456,'BANHEIRO'),
(42,'BANHEIRO',22.412924,-45.450923,'TORNEIRA EXTERNA'),
(43,'TORNEIRA',-22.413808,-45.449902,'FRENTE REITORIA'),
(44,'BEBEDOURO RU',-22.411010,-45.450658,'BEBEDOURO RU');


INSERT INTO amostras (id, grupo_id, localizacao_id) VALUES
(1,7,1),(2,7,2),(3,7,3),(4,7,4),(5,7,5),(6,7,6),(7,7,7),
(8,10,8),(9,10,9),(10,10,10),(11,10,11),(12,10,12),(13,10,13),(14,10,14),
(15,5,15),(16,5,16),(17,5,17),(18,5,18),(19,5,19),(20,5,20),(21,5,21),
(22,2,22),(23,2,23),(24,2,24),(25,2,25),(26,2,26),(27,2,27),(28,2,28),
(29,4,29),(30,4,30),(31,4,31),(32,4,32),(33,4,33),(34,4,34),(35,4,35),
(36,6,36),(37,6,37),(38,6,38),(39,6,39),(40,6,40),(41,6,41),(42,6,42),
(43,3,43),(44,3,44);

INSERT INTO qualidade_agua (amostra_id, temperatura_coleta, ph_arduino, ph_fita, turbidez, umidade, temperatura_analise) VALUES
(1,25.0,4.98,6,0,60.00,27.70),
(2,33.3,4.8,5,180,61.50,27.50),
(3,27.8,5.19,6,159.80,60.60,27.60),
(4,8.6,4.99,6,19.00,60.20,27.90),
(5,25.3,5.97,5,11.12,59.70,27.20),
(6,17.2,5.70,5,5.70,60.10,27.30),
(7,25.9,6.97,6,160.21,59.90,27.00),

(8,23.1,6.33,6,0,56.40,25.80),
(9,13.9,6.52,6,0,58.20,25.70),
(10,11.0,6.22,6,54.59,56.90,25.30),
(11,24.9,6.33,6,4.96,56.60,25.60),
(12,22.2,6.28,6,2.49,56.40,25.40),
(13,26.6,6.41,6,0,56.20,25.40),
(14,32.0,6.44,5,3000,56.30,24.80),

(15,15.0,6.61,6,0,60.00,27.70),
(16,25.8,6.38,6,10.30,60.70,27.50),
(17,10.9,4.48,5,5.11,61.60,27.90),
(18,33.6,7.00,5,129.21,60.60,28.00),
(19,25.4,4.39,6,2.00,59.70,27.80),
(20,25.4,4.11,5,11.00,59.80,28.00),
(21,27.3,5.57,6,55.10,59.60,27.90),

(22,26.1,5.20,6,0,64.00,26.10),
(23,27.1,8.50,8,52,67.00,25.90),
(24,26.8,6.40,7,0,72.00,26.00),
(25,33.7,6.10,7,141,72.00,25.10),
(26,25.2,6.30,7,33,71.00,25.80),
(27,5.3,6.20,6,20,68.00,25.40),
(28,24.3,5.70,6,172,70.00,25.90),

(29,27.2,7.19,6,4.2,65.00,27.20),
(30,25.5,6.55,6,159.81,63.30,27.50),
(31,25.8,7.19,6,30.69,63.10,27.50),
(32,26.2,7.22,6,307,62.70,27.60),
(33,21.4,7.13,6,30.69,62.60,27.60),
(34,26.6,7.19,6,10,62.30,27.60),
(35,20.0,7.12,6,45,63.10,27.50),

(36,26.0,8.00,6,4.8,60.60,28.00),
(37,24.0,8.00,6,5,69.10,27.50),
(38,25.0,8.00,6,5,67.00,27.80),
(39,26.0,8.00,5,5,67.40,27.70),
(40,26.0,8.00,6,5,68.40,27.40),
(41,26.0,7.80,6,5,66.20,27.60),
(42,26.3,7.90,5,5,66.00,27.50),

(43,24.1,6.96,7,7.10,66.50,24.00),
(44,17.3,7.02,7,6.24,66.50,24.20);

INSERT INTO condutividade 
(amostra_id, turbidez, ph_fita, ph_arduino, temperatura, umidade, cor, ph_tensao, constante, condutividade)
VALUES
(29, 4.2, 6, 7.19, 27.2, 65, 'Rosa', 2.57, 5642, 17.4),
(30, 159.81, 6, 6.55, 27.5, 63.3, 'Amarelo', 2.34, 5642, 79.5),
(31, 30.69, 6, 7.19, 27.5, 63.1, 'Lilás', 2.57, 5642, -157),
(32, 307, 6, 7.22, 27.6, 62.7, 'Azul Claro', 2.58, 5642, -141),
(33, 30.69, 6, 7.13, 27.6, 62.6, 'Roxo', 2.55, 5642, 126),
(34, 10, 6, 7.19, 27.6, 62.3, 'Verde escuro', 2.57, 5642, 89),
(35, 45, 6, 7.12, 27.5, 63.1, 'Azul Escuro', 2.54, 5642, 194);

INSERT INTO condutividade 
(amostra_id, condutividade)
VALUES
(29, 17.4),
(30, 79.5),
(31, -157),
(32, -141),
(33, 126),
(34, 89),
(35, 194);
